<application>
  <component name="NodeJsLocalInterpreterManager">
    <local-interpreter path="$USER_HOME$/.asdf/shims/node">
      <version-cache version="12.16.3" last-modified="1661259675371" />
    </local-interpreter>
    <local-interpreter path="$USER_HOME$/.asdf/installs/nodejs/14.15.5/bin/node">
      <version-cache version="14.15.5" last-modified="1661259667228" />
    </local-interpreter>
    <local-interpreter path="$USER_HOME$/.asdf/installs/nodejs/12.18.2/bin/node">
      <version-cache version="12.18.2" last-modified="1651573244702" />
    </local-interpreter>
    <local-interpreter path="$USER_HOME$/.asdf/installs/nodejs/12.16.3/bin/node">
      <version-cache version="12.16.3" last-modified="1649620982138" />
    </local-interpreter>
  </component>
</application>